{"nm":"Comp 1","ddd":0,"h":512,"w":512,"meta":{"g":"@lottiefiles/toolkit-js 0.33.2"},"layers":[{"ty":4,"nm":"Untitled-3 Outlines","sr":1,"st":0,"op":180,"ip":0,"hd":false,"ddd":0,"bm":0,"hasMask":false,"ao":0,"ks":{"a":{"a":0,"k":[750,750,0],"ix":1},"s":{"a":0,"k":[34.133,34.133,100],"ix":6},"sk":{"a":0,"k":0},"p":{"a":0,"k":[256,256,0],"ix":2},"r":{"a":0,"k":0,"ix":10},"sa":{"a":0,"k":0},"o":{"a":0,"k":100,"ix":11}},"ef":[{"ty":34,"mn":"ADBE FreePin3","nm":"Puppet","ix":1,"en":1,"ef":[{"ty":7,"mn":"ADBE FreePin3 On Transparent","nm":"On Transparent","ix":1,"v":{"a":0,"k":0,"ix":1}}]}],"shapes":[{"ty":"gr","bm":0,"hd":false,"mn":"ADBE Vector Group","nm":"Group 1","ix":1,"cix":2,"np":4,"it":[{"ty":"sh","bm":0,"hd":false,"mn":"ADBE Vector Shape - Group","nm":"Path 1","ix":1,"d":1,"ks":{"a":0,"k":{"c":true,"i":[[-7.369,-2.239],[61.985,-47.162],[1.599,-1.558],[20.839,-72.431]],"o":[[0,0],[-1.971,1.5],[19.363,6.68],[9.757,5.28]],"v":[[44.328,65.724],[-39.022,-57.47],[-44.327,-52.874],[18.037,54.194]]},"ix":2}},{"ty":"fl","bm":0,"hd":false,"mn":"ADBE Vector Graphic - Fill","nm":"Fill 1","c":{"a":0,"k":[0.3059,0.8627,1],"ix":4},"r":1,"o":{"a":0,"k":32,"ix":5}},{"ty":"tr","a":{"a":0,"k":[0,0],"ix":1},"s":{"a":0,"k":[100,100],"ix":3},"sk":{"a":0,"k":0,"ix":4},"p":{"a":0,"k":[405.959,879.169],"ix":2},"r":{"a":0,"k":0,"ix":6},"sa":{"a":0,"k":0,"ix":5},"o":{"a":0,"k":100,"ix":7}}]},{"ty":"gr","bm":0,"hd":false,"mn":"ADBE Vector Group","nm":"Group 2","ix":2,"cix":2,"np":4,"it":[{"ty":"sh","bm":0,"hd":false,"mn":"ADBE Vector Shape - Group","nm":"Path 1","ix":1,"d":1,"ks":{"a":0,"k":{"c":true,"i":[[58.324,14.02],[47.4,2.477],[0,0]],"o":[[1.418,22.199],[1.392,18.008],[15.983,-5.862]],"v":[[13.021,-56.56],[-33.292,24.738],[-29.104,56.561]]},"ix":2}},{"ty":"fl","bm":0,"hd":false,"mn":"ADBE Vector Graphic - Fill","nm":"Fill 1","c":{"a":0,"k":[0,0.4941,0.7059],"ix":4},"r":1,"o":{"a":0,"k":28,"ix":5}},{"ty":"tr","a":{"a":0,"k":[0,0],"ix":1},"s":{"a":0,"k":[100,100],"ix":3},"sk":{"a":0,"k":0,"ix":4},"p":{"a":0,"k":[533.33,749.282],"ix":2},"r":{"a":0,"k":0,"ix":6},"sa":{"a":0,"k":0,"ix":5},"o":{"a":0,"k":100,"ix":7}}]},{"ty":"gr","bm":0,"hd":false,"mn":"ADBE Vector Group","nm":"Group 3","ix":3,"cix":2,"np":4,"it":[{"ty":"sh","bm":0,"hd":false,"mn":"ADBE Vector Shape - Group","nm":"Path 1","ix":1,"d":1,"ks":{"a":0,"k":{"c":true,"i":[[40.294,6.662],[45.732,3.406],[-1.105,0.737]],"o":[[1.554,21.44],[-0.761,15.732],[61.517,-41.011]],"v":[[12.087,-50.731],[-32.302,23.967],[-30.87,50.698]]},"ix":2}},{"ty":"fl","bm":0,"hd":false,"mn":"ADBE Vector Graphic - Fill","nm":"Fill 1","c":{"a":0,"k":[1,1,1],"ix":4},"r":1,"o":{"a":0,"k":11,"ix":5}},{"ty":"tr","a":{"a":0,"k":[0,0],"ix":1},"s":{"a":0,"k":[100,100],"ix":3},"sk":{"a":0,"k":0,"ix":4},"p":{"a":0,"k":[541.06,876.034],"ix":2},"r":{"a":0,"k":0,"ix":6},"sa":{"a":0,"k":0,"ix":5},"o":{"a":0,"k":100,"ix":7}}]},{"ty":"gr","bm":0,"hd":false,"mn":"ADBE Vector Group","nm":"Group 4","ix":4,"cix":2,"np":4,"it":[{"ty":"sh","bm":0,"hd":false,"mn":"ADBE Vector Shape - Group","nm":"Path 1","ix":1,"d":1,"ks":{"a":0,"k":{"c":true,"i":[[32.007,-48.144],[-6.319,-0.737],[69.672,-25.217]],"o":[[9.106,7.521],[0,0],[18.617,23.296]],"v":[[-0.044,60.078],[23.916,73.211],[-26.389,-70.647]]},"ix":2}},{"ty":"fl","bm":0,"hd":false,"mn":"ADBE Vector Graphic - Fill","nm":"Fill 1","c":{"a":0,"k":[0,0.4941,0.7059],"ix":4},"r":1,"o":{"a":0,"k":100,"ix":5}},{"ty":"tr","a":{"a":0,"k":[0,0],"ix":1},"s":{"a":0,"k":[100,100],"ix":3},"sk":{"a":0,"k":0,"ix":4},"p":{"a":0,"k":[445.615,768.951],"ix":2},"r":{"a":0,"k":0,"ix":6},"sa":{"a":0,"k":0,"ix":5},"o":{"a":0,"k":100,"ix":7}}]},{"ty":"gr","bm":0,"hd":false,"mn":"ADBE Vector Group","nm":"Group 5","ix":5,"cix":2,"np":4,"it":[{"ty":"sh","bm":0,"hd":false,"mn":"ADBE Vector Shape - Group","nm":"Path 1","ix":1,"d":1,"ks":{"a":0,"k":{"c":true,"i":[[5.253,0],[0,0],[0.576,-5.221],[0,0],[12.069,0],[0,0],[-1.325,11.995],[0,0]],"o":[[0,0],[5.253,0],[0,0],[-1.325,11.995],[0,0],[12.069,0],[0,0],[0.576,-5.221]],"v":[[27.41,-63.406],[-11.386,-63.406],[-2.623,-53.622],[-13.22,42.333],[-36.75,63.406],[2.046,63.406],[25.576,42.333],[36.174,-53.622]]},"ix":2}},{"ty":"fl","bm":0,"hd":false,"mn":"ADBE Vector Graphic - Fill","nm":"Fill 1","c":{"a":0,"k":[0,0.4941,0.7059],"ix":4},"r":1,"o":{"a":0,"k":100,"ix":5}},{"ty":"tr","a":{"a":0,"k":[0,0],"ix":1},"s":{"a":0,"k":[100,100],"ix":3},"sk":{"a":0,"k":0,"ix":4},"p":{"a":0,"k":[527.088,1040.823],"ix":2},"r":{"a":0,"k":0,"ix":6},"sa":{"a":0,"k":0,"ix":5},"o":{"a":0,"k":100,"ix":7}}]},{"ty":"gr","bm":0,"hd":false,"mn":"ADBE Vector Group","nm":"Group 6","ix":6,"cix":2,"np":4,"it":[{"ty":"sh","bm":0,"hd":false,"mn":"ADBE Vector Shape - Group","nm":"Path 1","ix":1,"d":1,"ks":{"a":0,"k":{"c":true,"i":[[-0.577,-5.221],[0,0],[-12.068,0],[0,0],[-1.325,11.995],[0,0],[5.253,0],[0,0]],"o":[[0,0],[1.325,11.995],[0,0],[12.069,0],[0,0],[0.577,-5.221],[0,0],[-5.252,0]],"v":[[-64.71,-53.622],[-54.113,42.333],[-30.583,63.406],[30.583,63.406],[54.113,42.333],[64.711,-53.622],[55.948,-63.406],[-55.948,-63.406]]},"ix":2}},{"ty":"fl","bm":0,"hd":false,"mn":"ADBE Vector Graphic - Fill","nm":"Fill 1","c":{"a":0,"k":[0.5961,0.8,0.9922],"ix":4},"r":1,"o":{"a":0,"k":100,"ix":5}},{"ty":"tr","a":{"a":0,"k":[0,0],"ix":1},"s":{"a":0,"k":[100,100],"ix":3},"sk":{"a":0,"k":0,"ix":4},"p":{"a":0,"k":[498.551,1040.822],"ix":2},"r":{"a":0,"k":0,"ix":6},"sa":{"a":0,"k":0,"ix":5},"o":{"a":0,"k":100,"ix":7}}]},{"ty":"gr","bm":0,"hd":false,"mn":"ADBE Vector Group","nm":"Group 7","ix":7,"cix":2,"np":4,"it":[{"ty":"sh","bm":0,"hd":false,"mn":"ADBE Vector Shape - Group","nm":"Path 1","ix":1,"d":1,"ks":{"a":0,"k":{"c":true,"i":[[-0.112,2.622],[-21.551,33.982],[1.406,-2.216],[1.707,-39.784]],"o":[[1.681,-39.164],[1.412,-2.225],[-21.864,34.475],[-0.113,2.628]],"v":[[-11.527,56.951],[14.311,-55.302],[10.785,-57.362],[-15.611,56.951]]},"ix":2}},{"ty":"fl","bm":0,"hd":false,"mn":"ADBE Vector Graphic - Fill","nm":"Fill 1","c":{"a":0,"k":[0.0431,0.6863,0.8157],"ix":4},"r":1,"o":{"a":0,"k":100,"ix":5}},{"ty":"tr","a":{"a":0,"k":[0,0],"ix":1},"s":{"a":0,"k":[100,100],"ix":3},"sk":{"a":0,"k":0,"ix":4},"p":{"a":0,"k":[517.172,938.385],"ix":2},"r":{"a":0,"k":0,"ix":6},"sa":{"a":0,"k":0,"ix":5},"o":{"a":0,"k":100,"ix":7}}]},{"ty":"gr","bm":0,"hd":false,"mn":"ADBE Vector Group","nm":"Group 8","ix":8,"cix":2,"np":4,"it":[{"ty":"sh","bm":0,"hd":false,"mn":"ADBE Vector Shape - Group","nm":"Path 1","ix":1,"d":1,"ks":{"a":0,"k":{"c":true,"i":[[0.117,2.632],[41.702,64.008],[-1.44,-2.21],[-3.25,-73.787]],"o":[[-3.278,-74.435],[-1.428,-2.194],[41.348,63.468],[0.115,2.617]],"v":[[28.193,106.791],[-23.344,-107.229],[-26.869,-105.169],[24.11,106.791]]},"ix":2}},{"ty":"fl","bm":0,"hd":false,"mn":"ADBE Vector Graphic - Fill","nm":"Fill 1","c":{"a":0,"k":[0.0431,0.6863,0.8157],"ix":4},"r":1,"o":{"a":0,"k":100,"ix":5}},{"ty":"tr","a":{"a":0,"k":[0,0],"ix":1},"s":{"a":0,"k":[100,100],"ix":3},"sk":{"a":0,"k":0,"ix":4},"p":{"a":0,"k":[467.875,891.801],"ix":2},"r":{"a":0,"k":0,"ix":6},"sa":{"a":0,"k":0,"ix":5},"o":{"a":0,"k":100,"ix":7}}]},{"ty":"gr","bm":0,"hd":false,"mn":"ADBE Vector Group","nm":"Group 9","ix":9,"cix":2,"np":4,"it":[{"ty":"sh","bm":0,"hd":false,"mn":"ADBE Vector Shape - Group","nm":"Path 1","ix":1,"d":1,"ks":{"a":0,"k":{"c":true,"i":[[0.205,2.625],[-24.593,57.817],[1.027,-2.413],[-5.059,-64.759]],"o":[[-4.958,-63.464],[1.017,-2.391],[-24.998,58.771],[0.203,2.603]],"v":[[-18.936,97.315],[27.061,-95.465],[23.535,-97.526],[-23.019,97.315]]},"ix":2}},{"ty":"fl","bm":0,"hd":false,"mn":"ADBE Vector Graphic - Fill","nm":"Fill 1","c":{"a":0,"k":[0.0431,0.6863,0.8157],"ix":4},"r":1,"o":{"a":0,"k":100,"ix":5}},{"ty":"tr","a":{"a":0,"k":[0,0],"ix":1},"s":{"a":0,"k":[100,100],"ix":3},"sk":{"a":0,"k":0,"ix":4},"p":{"a":0,"k":[509.205,820.708],"ix":2},"r":{"a":0,"k":0,"ix":6},"sa":{"a":0,"k":0,"ix":5},"o":{"a":0,"k":100,"ix":7}}]},{"ty":"gr","bm":0,"hd":false,"mn":"ADBE Vector Group","nm":"Group 10","ix":10,"cix":2,"np":4,"it":[{"ty":"sh","bm":0,"hd":false,"mn":"ADBE Vector Shape - Group","nm":"Path 1","ix":1,"d":1,"ks":{"a":1,"k":[{"o":{"x":0.167,"y":0.167},"i":{"x":0.833,"y":0.833},"s":[{"c":true,"i":[[63.426,-42.285],[-17.197,29.169],[-11.943,-0.995]],"o":[[-2.423,1.614],[6.114,-10.37],[45.538,3.795]],"v":[[-39.031,51.762],[-26.647,-34.092],[-0.001,-50.155]]}],"t":0},{"o":{"x":0.167,"y":0.167},"i":{"x":0.833,"y":0.833},"s":[{"c":true,"i":[[63.426,-42.285],[-17.855,28.813],[-11.555,-0.963]],"o":[[-2.451,1.633],[6.072,-9.797],[45.538,3.795]],"v":[[-39.031,51.762],[-40.691,-38.021],[-0.001,-50.155]]}],"t":44},{"o":{"x":0.167,"y":0.167},"i":{"x":0.833,"y":0.833},"s":[{"c":true,"i":[[63.426,-42.285],[-17.501,29.004],[-11.764,-0.98]],"o":[[-2.436,1.623],[6.094,-10.105],[45.538,3.795]],"v":[[-39.031,51.762],[-32.412,7.303],[-1.465,-50.155]]}],"t":116},{"s":[{"c":true,"i":[[63.426,-42.285],[-17.197,29.169],[-11.943,-0.995]],"o":[[-2.423,1.614],[6.114,-10.37],[45.538,3.795]],"v":[[-39.031,51.762],[-26.647,-34.092],[-0.001,-50.155]]}],"t":178}],"ix":2}},{"ty":"fl","bm":0,"hd":false,"mn":"ADBE Vector Graphic - Fill","nm":"Fill 1","c":{"a":0,"k":[0.8745,0.9412,0.9961],"ix":4},"r":1,"o":{"a":0,"k":100,"ix":5}},{"ty":"tr","a":{"a":0,"k":[0,0],"ix":1},"s":{"a":0,"k":[100,100],"ix":3},"sk":{"a":0,"k":0,"ix":4},"p":{"a":0,"k":[549.221,874.97],"ix":2},"r":{"a":0,"k":0,"ix":6},"sa":{"a":0,"k":0,"ix":5},"o":{"a":0,"k":100,"ix":7}}]},{"ty":"gr","bm":0,"hd":false,"mn":"ADBE Vector Group","nm":"Group 11","ix":11,"cix":2,"np":4,"it":[{"ty":"sh","bm":0,"hd":false,"mn":"ADBE Vector Shape - Group","nm":"Path 1","ix":1,"d":1,"ks":{"a":1,"k":[{"o":{"x":0.167,"y":0.167},"i":{"x":0.833,"y":0.833},"s":[{"c":true,"i":[[16.263,-5.964],[-10.515,36.029],[-5.072,4.464],[-12.098,-2.135]],"o":[[0,0],[2.297,-7.871],[6.53,-5.747],[64.511,11.384]],"v":[[-39.032,62.614],[-42.805,-35.508],[-31.955,-54.469],[0,-51.229]]}],"t":1},{"o":{"x":0.167,"y":0.167},"i":{"x":0.833,"y":0.833},"s":[{"c":true,"i":[[16.263,-5.964],[-10.739,35.967],[-4.986,4.388],[-12.098,-2.135]],"o":[[0,0],[2.298,-7.696],[6.53,-5.747],[64.511,11.384]],"v":[[-39.032,62.614],[-44.885,-36.638],[-30.49,-59.596],[0,-51.229]]}],"t":44},{"o":{"x":0.167,"y":0.167},"i":{"x":0.833,"y":0.833},"s":[{"c":true,"i":[[16.263,-5.964],[-10.62,36],[-9.551,12.385],[-8.59,-2.057]],"o":[[0,0],[2.297,-7.789],[10.058,-13.042],[63.706,15.258]],"v":[[-39.032,62.614],[-35.727,-26.518],[-22.477,-55.417],[0.732,-52.694]]}],"t":116},{"s":[{"c":true,"i":[[16.263,-5.964],[-10.515,36.029],[-5.072,4.464],[-12.098,-2.135]],"o":[[0,0],[2.297,-7.871],[6.53,-5.747],[64.511,11.384]],"v":[[-39.032,62.614],[-42.805,-35.508],[-31.955,-54.469],[0,-51.229]]}],"t":180}],"ix":2}},{"ty":"fl","bm":0,"hd":false,"mn":"ADBE Vector Graphic - Fill","nm":"Fill 1","c":{"a":0,"k":[0,0.4941,0.7059],"ix":4},"r":1,"o":{"a":0,"k":100,"ix":5}},{"ty":"tr","a":{"a":0,"k":[0,0],"ix":1},"s":{"a":0,"k":[100,100],"ix":3},"sk":{"a":0,"k":0,"ix":4},"p":{"a":0,"k":[543.258,743.228],"ix":2},"r":{"a":0,"k":0,"ix":6},"sa":{"a":0,"k":0,"ix":5},"o":{"a":0,"k":100,"ix":7}}]},{"ty":"gr","bm":0,"hd":false,"mn":"ADBE Vector Group","nm":"Group 12","ix":12,"cix":2,"np":4,"it":[{"ty":"sh","bm":0,"hd":false,"mn":"ADBE Vector Shape - Group","nm":"Path 1","ix":1,"d":1,"ks":{"a":0,"k":{"c":true,"i":[[-1.54,-2.137],[-8.794,-48.619],[0.466,2.573],[28.559,39.625]],"o":[[28.334,39.312],[0.466,2.582],[-8.848,-48.925],[-1.523,-2.112]],"v":[[-33.771,-63.146],[30.909,64.737],[34.845,63.652],[-30.246,-65.207]]},"ix":2}},{"ty":"fl","bm":0,"hd":false,"mn":"ADBE Vector Graphic - Fill","nm":"Fill 1","c":{"a":0,"k":[0.0431,0.6863,0.8157],"ix":4},"r":1,"o":{"a":0,"k":100,"ix":5}},{"ty":"tr","a":{"a":0,"k":[0,0],"ix":1},"s":{"a":0,"k":[100,100],"ix":3},"sk":{"a":0,"k":0,"ix":4},"p":{"a":0,"k":[438.208,944.119],"ix":2},"r":{"a":0,"k":0,"ix":6},"sa":{"a":0,"k":0,"ix":5},"o":{"a":0,"k":100,"ix":7}}]},{"ty":"gr","bm":0,"hd":false,"mn":"ADBE Vector Group","nm":"Group 13","ix":13,"cix":2,"np":4,"it":[{"ty":"sh","bm":0,"hd":false,"mn":"ADBE Vector Shape - Group","nm":"Path 1","ix":1,"d":1,"ks":{"a":1,"k":[{"o":{"x":0.167,"y":0.167},"i":{"x":0.833,"y":0.833},"s":[{"c":true,"i":[[-31.18,-9.476],[37.895,18.139],[11.993,-9.125],[2.389,-6.755],[-0.799,-5.424]],"o":[[0,0],[-9.091,-4.352],[-7.867,5.985],[-1.839,5.201],[5.564,37.776]],"v":[[69.729,85.178],[17.937,-43.772],[-13.62,-38.016],[-28.713,-18.795],[-30.142,-2.808]]}],"t":1},{"o":{"x":0.167,"y":0.167},"i":{"x":0.833,"y":0.833},"s":[{"c":true,"i":[[-30.333,-9.219],[37.895,18.139],[11.993,-9.125],[2.389,-6.755],[-1.473,-6.474]],"o":[[0,0],[-9.091,-4.352],[-7.867,5.985],[-2.188,6.185],[8.392,36.881]],"v":[[69.729,85.178],[17.937,-43.772],[-13.62,-38.016],[-30.911,-10.006],[-33.224,17.124]]}],"t":44},{"o":{"x":0.167,"y":0.167},"i":{"x":0.833,"y":0.833},"s":[{"c":true,"i":[[-30.333,-9.219],[37.895,18.139],[11.993,-9.125],[-1.568,-6.991],[-11.883,-28.694]],"o":[[0,0],[-9.091,-4.352],[-7.867,5.985],[7.043,31.395],[14.472,34.946]],"v":[[69.729,85.178],[17.937,-43.772],[-13.62,-38.016],[-30.911,-10.006],[4.862,32.505]]}],"t":116},{"s":[{"c":true,"i":[[-31.18,-9.476],[37.895,18.139],[11.993,-9.125],[2.389,-6.755],[-0.799,-5.424]],"o":[[0,0],[-9.091,-4.352],[-7.867,5.985],[-1.839,5.201],[5.564,37.776]],"v":[[69.729,85.178],[17.937,-43.772],[-13.62,-38.016],[-28.713,-18.795],[-30.142,-2.808]]}],"t":180}],"ix":2}},{"ty":"fl","bm":0,"hd":false,"mn":"ADBE Vector Graphic - Fill","nm":"Fill 1","c":{"a":0,"k":[0,0.4941,0.7059],"ix":4},"r":1,"o":{"a":0,"k":100,"ix":5}},{"ty":"tr","a":{"a":0,"k":[0,0],"ix":1},"s":{"a":0,"k":[100,100],"ix":3},"sk":{"a":0,"k":0,"ix":4},"p":{"a":0,"k":[380.557,859.715],"ix":2},"r":{"a":0,"k":0,"ix":6},"sa":{"a":0,"k":0,"ix":5},"o":{"a":0,"k":100,"ix":7}}]},{"ty":"gr","bm":0,"hd":false,"mn":"ADBE Vector Group","nm":"Group 14","ix":14,"cix":2,"np":4,"it":[{"ty":"sh","bm":0,"hd":false,"mn":"ADBE Vector Shape - Group","nm":"Path 1","ix":1,"d":1,"ks":{"a":1,"k":[{"o":{"x":0.167,"y":0.167},"i":{"x":0.833,"y":0.833},"s":[{"c":true,"i":[[-19.663,-2.294],[70.474,-26.563],[-8.732,-25.462]],"o":[[0,0],[-28.712,10.822],[13.348,38.924]],"v":[[52.024,85.111],[1.066,-58.549],[-22.036,1.871]]}],"t":1},{"o":{"x":0.167,"y":0.167},"i":{"x":0.833,"y":0.833},"s":[{"c":true,"i":[[-19.494,-2.274],[70.474,-26.563],[-9.16,-25.83]],"o":[[0,0],[-29.09,10.965],[13.703,38.638]],"v":[[52.024,85.111],[1.066,-58.549],[-41.46,4.343]]}],"t":44},{"o":{"x":0.167,"y":0.167},"i":{"x":0.833,"y":0.833},"s":[{"c":true,"i":[[-19.584,-2.285],[70.474,-26.563],[-8.932,-25.634]],"o":[[0,0],[-28.889,10.889],[13.514,38.791]],"v":[[52.024,85.111],[1.066,-58.549],[5.521,-2.103]]}],"t":116},{"s":[{"c":true,"i":[[-19.663,-2.294],[70.474,-26.563],[-8.732,-25.461]],"o":[[0,0],[-28.712,10.822],[13.348,38.924]],"v":[[52.024,85.111],[1.066,-58.549],[-22.036,1.871]]}],"t":179}],"ix":2}},{"ty":"fl","bm":0,"hd":false,"mn":"ADBE Vector Graphic - Fill","nm":"Fill 1","c":{"a":0,"k":[0,0.4941,0.7059],"ix":4},"r":1,"o":{"a":0,"k":100,"ix":5}},{"ty":"tr","a":{"a":0,"k":[0,0],"ix":1},"s":{"a":0,"k":[100,100],"ix":3},"sk":{"a":0,"k":0,"ix":4},"p":{"a":0,"k":[417.507,757.052],"ix":2},"r":{"a":0,"k":0,"ix":6},"sa":{"a":0,"k":0,"ix":5},"o":{"a":0,"k":100,"ix":7}}]}],"ind":1},{"ty":4,"nm":"Untitled-2 Outlines","sr":1,"st":0,"op":180,"ip":0,"hd":false,"ddd":0,"bm":0,"hasMask":false,"ao":0,"ks":{"a":{"a":0,"k":[750,750,0],"ix":1},"s":{"a":0,"k":[34.133,34.133,100],"ix":6},"sk":{"a":0,"k":0},"p":{"a":0,"k":[256,256,0],"ix":2},"r":{"a":0,"k":0,"ix":10},"sa":{"a":0,"k":0},"o":{"a":0,"k":100,"ix":11}},"ef":[],"shapes":[{"ty":"gr","bm":0,"hd":false,"mn":"ADBE Vector Group","nm":"Group 1","ix":1,"cix":2,"np":2,"it":[{"ty":"sh","bm":0,"hd":false,"mn":"ADBE Vector Shape - Group","nm":"Path 1","ix":1,"d":1,"ks":{"a":0,"k":{"c":true,"i":[[0,0],[20.245,16.196],[2.406,9.623],[-3.404,-0.764],[-20.832,-17.722],[-8.978,-12.381]],"o":[[-27.756,-6.278],[-6.632,-24.999],[3.169,1.174],[10.563,16.841],[8.92,7.629],[0,0]],"v":[[45.889,53.958],[-28.343,14.877],[-45.889,-53.957],[-35.972,-51.081],[18.015,17.458],[45.478,49.146]]},"ix":2}},{"ty":"fl","bm":0,"hd":false,"mn":"ADBE Vector Graphic - Fill","nm":"Fill 1","c":{"a":0,"k":[0,0.6039,0.7451],"ix":4},"r":1,"o":{"a":0,"k":100,"ix":5}},{"ty":"tr","a":{"a":0,"k":[0,0],"ix":1},"s":{"a":0,"k":[100,100],"ix":3},"sk":{"a":0,"k":0,"ix":4},"p":{"a":0,"k":[651.767,816.031],"ix":2},"r":{"a":0,"k":0,"ix":6},"sa":{"a":0,"k":0,"ix":5},"o":{"a":0,"k":100,"ix":7}}]},{"ty":"gr","bm":0,"hd":false,"mn":"ADBE Vector Group","nm":"Group 2","ix":2,"cix":2,"np":2,"it":[{"ty":"sh","bm":0,"hd":false,"mn":"ADBE Vector Shape - Group","nm":"Path 1","ix":1,"d":1,"ks":{"a":0,"k":{"c":true,"i":[[0,0],[0,0],[0,0],[0,0],[4.593,7.099],[0,0],[1.568,-0.508],[-0.874,-11.359],[25.092,-15.253],[0.934,-13.125]],"o":[[0,0],[37.165,-6.681],[0,0],[0,0],[-4.594,-7.098],[-1.692,0.387],[2.653,7.306],[1.38,17.93],[-8.507,5.17],[0,0]],"v":[[-13.664,61.594],[-9.906,26.934],[21.413,-14.824],[29.348,-24.846],[14.732,-39.045],[7.216,-61.594],[2.417,-60.165],[9.72,-29.465],[-16.828,23.978],[-29.348,56.315]]},"ix":2}},{"ty":"fl","bm":0,"hd":false,"mn":"ADBE Vector Graphic - Fill","nm":"Fill 1","c":{"a":0,"k":[0.9216,0.6902,0.5098],"ix":4},"r":1,"o":{"a":0,"k":100,"ix":5}},{"ty":"tr","a":{"a":0,"k":[0,0],"ix":1},"s":{"a":0,"k":[100,100],"ix":3},"sk":{"a":0,"k":0,"ix":4},"p":{"a":0,"k":[725.224,460.807],"ix":2},"r":{"a":0,"k":0,"ix":6},"sa":{"a":0,"k":0,"ix":5},"o":{"a":0,"k":100,"ix":7}}]},{"ty":"gr","bm":0,"hd":false,"mn":"ADBE Vector Group","nm":"Group 3","ix":3,"cix":2,"np":2,"it":[{"ty":"sh","bm":0,"hd":false,"mn":"ADBE Vector Shape - Group","nm":"Path 1","ix":1,"d":1,"ks":{"a":0,"k":{"c":true,"i":[[-20.044,4.594],[-4.594,-7.099],[0,0],[0,0],[37.165,-6.681],[0,0],[0,0],[0,0],[-0.418,7.726],[-2.714,9.604],[-3.968,-3.55],[0,0],[0,0],[-3.25,6.654]],"o":[[0,0],[4.593,7.099],[0,0],[0,0],[0,0],[0,0],[0,0],[0,0],[0,0],[2.714,-9.605],[3.966,3.549],[0,0],[0,0],[4.385,-8.979]],"v":[[21.819,-61.595],[29.336,-39.044],[43.952,-24.846],[36.017,-14.823],[4.698,26.935],[0.94,61.595],[-41.237,47.397],[-42.909,23.594],[-35.599,8.561],[-41.237,-9.186],[-25.995,-22.549],[-21.61,-11.901],[-16.181,-11.901],[-13.885,-34.45]]},"ix":2}},{"ty":"fl","bm":0,"hd":false,"mn":"ADBE Vector Graphic - Fill","nm":"Fill 1","c":{"a":0,"k":[0.9922,0.7804,0.5882],"ix":4},"r":1,"o":{"a":0,"k":100,"ix":5}},{"ty":"tr","a":{"a":0,"k":[0,0],"ix":1},"s":{"a":0,"k":[100,100],"ix":3},"sk":{"a":0,"k":0,"ix":4},"p":{"a":0,"k":[710.621,460.807],"ix":2},"r":{"a":0,"k":0,"ix":6},"sa":{"a":0,"k":0,"ix":5},"o":{"a":0,"k":100,"ix":7}}]},{"ty":"gr","bm":0,"hd":false,"mn":"ADBE Vector Group","nm":"Group 4","ix":4,"cix":2,"np":2,"it":[{"ty":"sh","bm":0,"hd":false,"mn":"ADBE Vector Shape - Group","nm":"Path 1","ix":1,"d":1,"ks":{"a":1,"k":[{"o":{"x":0.167,"y":0.167},"i":{"x":0.833,"y":0.833},"s":[{"c":true,"i":[[-54.402,-27.993],[-18.26,-9.559],[-9.746,8.72],[0,0],[0,0],[17.957,0.417],[0,0],[16.703,-31.736],[42.594,24.22],[9.178,66.438],[0.052,11.64]],"o":[[12.456,6.41],[29.071,15.219],[15.869,-14.199],[0,0],[0,0],[-17.956,-0.418],[0,0],[0,0],[0,0],[-1.506,-10.902],[-0.277,-62.596]],"v":[[-53.034,-101.474],[-4.37,-75.091],[64.308,-55.539],[124.024,-167.453],[152.42,-159.101],[73.774,3.341],[-5.29,-8.909],[-27.561,137.804],[-152.42,143.233],[-126.53,31.737],[-128.901,-2.38]]}],"t":0},{"o":{"x":0.167,"y":0.167},"i":{"x":0.833,"y":0.833},"s":[{"c":true,"i":[[-54.401,-27.993],[-18.26,-9.559],[-9.746,8.72],[0,0],[0,0],[17.957,0.417],[0,0],[16.703,-31.736],[42.594,24.22],[9.178,66.438],[0.052,11.64]],"o":[[12.456,6.41],[29.071,15.219],[15.869,-14.199],[0,0],[0,0],[-17.956,-0.418],[0,0],[0,0],[0,0],[-1.506,-10.902],[-0.277,-62.596]],"v":[[-53.034,-101.474],[-4.37,-75.091],[64.308,-55.539],[124.024,-167.453],[152.42,-159.101],[73.774,3.341],[-5.29,-8.909],[-27.561,137.804],[-152.42,143.233],[-126.53,31.737],[-128.901,-2.38]]}],"t":75},{"o":{"x":0.167,"y":0.167},"i":{"x":0.833,"y":0.833},"s":[{"c":true,"i":[[-54.402,-27.993],[-21.28,-21.367],[-16.576,-16.425],[0,0],[0,0],[17.957,0.417],[0,0],[16.703,-31.736],[42.594,24.22],[9.178,66.438],[0.052,11.64]],"o":[[11.951,6.15],[36.209,36.356],[42.017,15.069],[0,0],[0,0],[-17.956,-0.418],[0,0],[0,0],[0,0],[-1.506,-10.902],[-0.277,-62.596]],"v":[[-53.034,-101.474],[16.33,-63.276],[76.027,17.703],[181.153,44.949],[169.266,78.936],[45.942,56.075],[-5.29,-8.909],[-27.561,137.804],[-152.42,143.233],[-126.53,31.737],[-128.901,-2.38]]}],"t":82},{"o":{"x":0.167,"y":0.167},"i":{"x":0.833,"y":0.833},"s":[{"c":true,"i":[[-54.401,-27.993],[-18.26,-9.559],[-9.746,8.72],[0,0],[0,0],[17.957,0.417],[0,0],[16.703,-31.736],[42.594,24.22],[9.178,66.438],[0.052,11.64]],"o":[[12.456,6.41],[29.071,15.219],[15.869,-14.199],[0,0],[0,0],[-17.956,-0.418],[0,0],[0,0],[0,0],[-1.506,-10.902],[-0.277,-62.596]],"v":[[-53.034,-101.474],[-4.37,-75.091],[64.308,-55.539],[124.024,-167.453],[152.42,-159.101],[73.774,3.341],[-5.29,-8.909],[-27.561,137.804],[-152.42,143.233],[-126.53,31.737],[-128.901,-2.38]]}],"t":90},{"s":[{"c":true,"i":[[-54.402,-27.993],[-18.26,-9.559],[-9.746,8.72],[0,0],[0,0],[17.957,0.417],[0,0],[16.703,-31.736],[42.594,24.22],[9.178,66.438],[0.052,11.64]],"o":[[12.456,6.41],[29.071,15.219],[15.869,-14.199],[0,0],[0,0],[-17.956,-0.418],[0,0],[0,0],[0,0],[-1.506,-10.902],[-0.277,-62.596]],"v":[[-53.034,-101.474],[-4.37,-75.091],[64.308,-55.539],[124.024,-167.453],[152.42,-159.101],[73.774,3.341],[-5.29,-8.909],[-27.561,137.804],[-152.42,143.233],[-126.53,31.737],[-128.901,-2.38]]}],"t":179}],"ix":2}},{"ty":"fl","bm":0,"hd":false,"mn":"ADBE Vector Graphic - Fill","nm":"Fill 1","c":{"a":0,"k":[0,0.4941,0.7059],"ix":4},"r":1,"o":{"a":0,"k":100,"ix":5}},{"ty":"tr","a":{"a":0,"k":[0,0],"ix":1},"s":{"a":0,"k":[100,100],"ix":3},"sk":{"a":0,"k":0,"ix":4},"p":{"a":0,"k":[749.143,614.689],"ix":2},"r":{"a":0,"k":0,"ix":6},"sa":{"a":0,"k":0,"ix":5},"o":{"a":0,"k":100,"ix":7}}]},{"ty":"gr","bm":0,"hd":false,"mn":"ADBE Vector Group","nm":"Group 5","ix":5,"cix":2,"np":2,"it":[{"ty":"sh","bm":0,"hd":false,"mn":"ADBE Vector Shape - Group","nm":"Path 1","ix":1,"d":1,"ks":{"a":0,"k":{"c":true,"i":[[0,0],[0,13.781],[0.417,-10.44],[0,0],[0,-6.681],[6.681,-3.759]],"o":[[0,0],[0,-13.78],[-0.417,10.439],[0,0],[0,6.681],[0,0]],"v":[[-19.835,34.868],[-1.461,-29.44],[8.561,-20.67],[5.638,1.461],[19.836,9.396],[8.561,43.221]]},"ix":2}},{"ty":"fl","bm":0,"hd":false,"mn":"ADBE Vector Graphic - Fill","nm":"Fill 1","c":{"a":0,"k":[0.9922,0.7804,0.5882],"ix":4},"r":1,"o":{"a":0,"k":100,"ix":5}},{"ty":"tr","a":{"a":0,"k":[0,0],"ix":1},"s":{"a":0,"k":[100,100],"ix":3},"sk":{"a":0,"k":0,"ix":4},"p":{"a":1,"k":[{"o":{"x":0.167,"y":0.167},"i":{"x":0.833,"y":0.833},"s":[893.002,412.367],"t":0,"ti":[0,0],"to":[0,0]},{"o":{"x":0.167,"y":0.167},"i":{"x":0.833,"y":0.833},"s":[893.002,412.367],"t":75,"ti":[0,0],"to":[0,0]},{"o":{"x":0.167,"y":0.167},"i":{"x":0.833,"y":0.833},"s":[960.002,679.367],"t":82,"ti":[0,0],"to":[0,0]},{"s":[893.002,412.367],"t":90}],"ix":2},"r":{"a":1,"k":[{"o":{"x":0.167,"y":0.167},"i":{"x":0.833,"y":0.833},"s":[0],"t":75},{"o":{"x":0.167,"y":0.167},"i":{"x":0.833,"y":0.833},"s":[86],"t":82},{"s":[0],"t":90}],"ix":6},"sa":{"a":0,"k":20,"ix":5},"o":{"a":0,"k":100,"ix":7}}]},{"ty":"gr","bm":0,"hd":false,"mn":"ADBE Vector Group","nm":"Group 6","ix":6,"cix":2,"np":2,"it":[{"ty":"sh","bm":0,"hd":false,"mn":"ADBE Vector Shape - Group","nm":"Path 1","ix":1,"d":1,"ks":{"a":0,"k":{"c":true,"i":[[0,0],[22.499,-103.785],[0,0],[0,0]],"o":[[0,0],[-9.445,43.565],[0,0],[0,0]],"v":[[29.902,-99.23],[-41.212,-4.065],[-1.123,107.849],[50.658,8.184]]},"ix":2}},{"ty":"fl","bm":0,"hd":false,"mn":"ADBE Vector Graphic - Fill","nm":"Fill 1","c":{"a":0,"k":[0,0.4941,0.7059],"ix":4},"r":1,"o":{"a":0,"k":100,"ix":5}},{"ty":"tr","a":{"a":0,"k":[0,0],"ix":1},"s":{"a":0,"k":[100,100],"ix":3},"sk":{"a":0,"k":0,"ix":4},"p":{"a":0,"k":[639.188,605.391],"ix":2},"r":{"a":0,"k":0,"ix":6},"sa":{"a":0,"k":0,"ix":5},"o":{"a":0,"k":100,"ix":7}}]},{"ty":"gr","bm":0,"hd":false,"mn":"ADBE Vector Group","nm":"Group 7","ix":7,"cix":2,"np":2,"it":[{"ty":"sh","bm":0,"hd":false,"mn":"ADBE Vector Shape - Group","nm":"Path 1","ix":1,"d":1,"ks":{"a":0,"k":{"c":true,"i":[[35.913,-15.868],[39.878,2.542],[-8.447,44.646],[-22.271,0.279],[-4.593,21.297]],"o":[[0,0],[-34.938,-2.227],[8.77,-46.353],[0,0],[0,0]],"v":[[35.125,-14.008],[-29.602,71.181],[-62.591,-11.92],[6.729,-52.426],[38.883,-73.723]]},"ix":2}},{"ty":"fl","bm":0,"hd":false,"mn":"ADBE Vector Graphic - Fill","nm":"Fill 1","c":{"a":0,"k":[0,0.4235,0.6353],"ix":4},"r":1,"o":{"a":0,"k":100,"ix":5}},{"ty":"tr","a":{"a":0,"k":[0,0],"ix":1},"s":{"a":0,"k":[100,100],"ix":3},"sk":{"a":0,"k":0,"ix":4},"p":{"a":0,"k":[697.314,413.22],"ix":2},"r":{"a":0,"k":0,"ix":6},"sa":{"a":0,"k":0,"ix":5},"o":{"a":0,"k":100,"ix":7}}]},{"ty":"gr","bm":0,"hd":false,"mn":"ADBE Vector Group","nm":"Group 8","ix":8,"cix":2,"np":2,"it":[{"ty":"sh","bm":0,"hd":false,"mn":"ADBE Vector Shape - Group","nm":"Path 1","ix":1,"d":1,"ks":{"a":0,"k":{"c":true,"i":[[0,0],[-28.397,-24.221],[0,0],[0,0],[-14.03,7.567],[0,0],[0.835,13.362],[0,0]],"o":[[0,0],[28.396,24.22],[0,0],[13.624,8.277],[0,0],[0,0],[-0.835,-13.363],[0,0]],"v":[[-89.781,-175.152],[-29.648,-96.644],[33.824,-7.28],[38,186.481],[82.643,187.628],[84.771,186.481],[88.946,-28.16],[17.121,-195.195]]},"ix":2}},{"ty":"fl","bm":0,"hd":false,"mn":"ADBE Vector Graphic - Fill","nm":"Fill 1","c":{"a":0,"k":[0.0039,0.6039,0.7647],"ix":4},"r":1,"o":{"a":0,"k":100,"ix":5}},{"ty":"tr","a":{"a":0,"k":[0,0],"ix":1},"s":{"a":0,"k":[100,100],"ix":3},"sk":{"a":0,"k":0,"ix":4},"p":{"a":0,"k":[699.45,930.15],"ix":2},"r":{"a":0,"k":0,"ix":6},"sa":{"a":0,"k":0,"ix":5},"o":{"a":0,"k":100,"ix":7}}]},{"ty":"gr","bm":0,"hd":false,"mn":"ADBE Vector Group","nm":"Group 9","ix":9,"cix":2,"np":2,"it":[{"ty":"sh","bm":0,"hd":false,"mn":"ADBE Vector Shape - Group","nm":"Path 1","ix":1,"d":1,"ks":{"a":0,"k":{"c":true,"i":[[0,0],[-5.011,-13.92],[-0.557,-2.227],[0,0],[-12.807,8.352],[0,0],[0,0]],"o":[[0,0],[5.011,13.919],[0.556,2.227],[0,0],[0,0],[0,0],[0,0]],"v":[[-49.275,-182.904],[-23.663,-85.466],[-7.516,-1.392],[-30.901,175.666],[14.199,174.552],[49.276,-1.949],[34.242,-175.666]]},"ix":2}},{"ty":"fl","bm":0,"hd":false,"mn":"ADBE Vector Graphic - Fill","nm":"Fill 1","c":{"a":0,"k":[0.0039,0.6039,0.7647],"ix":4},"r":1,"o":{"a":0,"k":100,"ix":5}},{"ty":"tr","a":{"a":0,"k":[0,0],"ix":1},"s":{"a":0,"k":[100,100],"ix":3},"sk":{"a":0,"k":0,"ix":4},"p":{"a":0,"k":[654.489,942.357],"ix":2},"r":{"a":0,"k":0,"ix":6},"sa":{"a":0,"k":0,"ix":5},"o":{"a":0,"k":100,"ix":7}}]},{"ty":"gr","bm":0,"hd":false,"mn":"ADBE Vector Group","nm":"Group 10","ix":10,"cix":2,"np":2,"it":[{"ty":"sh","bm":0,"hd":false,"mn":"ADBE Vector Shape - Group","nm":"Path 1","ix":1,"d":1,"ks":{"a":0,"k":{"c":true,"i":[[-1.48,1.883],[-10.804,16.782],[-3.444,-9.912],[12.374,3.635],[0,0],[0,0],[0,0]],"o":[[0,0],[0,0],[3.446,9.913],[0,0],[0,0],[0,0],[0,0]],"v":[[-55.216,-21.177],[-7.987,-24.021],[55.332,7.456],[-11.981,20.386],[-22.327,9.041],[-27.631,21.339],[-58.778,19.906]]},"ix":2}},{"ty":"fl","bm":0,"hd":false,"mn":"ADBE Vector Graphic - Fill","nm":"Fill 1","c":{"a":0,"k":[0,0.6039,0.7451],"ix":4},"r":1,"o":{"a":0,"k":100,"ix":5}},{"ty":"tr","a":{"a":0,"k":[0,0],"ix":1},"s":{"a":0,"k":[100,100],"ix":3},"sk":{"a":0,"k":0,"ix":4},"p":{"a":0,"k":[681.839,1159.564],"ix":2},"r":{"a":0,"k":0,"ix":6},"sa":{"a":0,"k":0,"ix":5},"o":{"a":0,"k":100,"ix":7}}]},{"ty":"gr","bm":0,"hd":false,"mn":"ADBE Vector Group","nm":"Group 11","ix":11,"cix":2,"np":2,"it":[{"ty":"sh","bm":0,"hd":false,"mn":"ADBE Vector Shape - Group","nm":"Path 1","ix":1,"d":1,"ks":{"a":0,"k":{"c":true,"i":[[0,0],[0.29,23.98],[0,0],[0,0],[0,0],[0,0]],"o":[[0,0],[0,0],[0,0],[0,0],[0,0],[0,0]],"v":[[23.615,3.077],[12.657,-25.295],[-19.046,-26.754],[-23.615,5.921],[-0.885,26.754],[20.168,17.411]]},"ix":2}},{"ty":"fl","bm":0,"hd":false,"mn":"ADBE Vector Graphic - Fill","nm":"Fill 1","c":{"a":0,"k":[0.9216,0.6902,0.5098],"ix":4},"r":1,"o":{"a":0,"k":100,"ix":5}},{"ty":"tr","a":{"a":0,"k":[0,0],"ix":1},"s":{"a":0,"k":[100,100],"ix":3},"sk":{"a":0,"k":0,"ix":4},"p":{"a":0,"k":[650.238,1132.466],"ix":2},"r":{"a":0,"k":0,"ix":6},"sa":{"a":0,"k":0,"ix":5},"o":{"a":0,"k":100,"ix":7}}]},{"ty":"gr","bm":0,"hd":false,"mn":"ADBE Vector Group","nm":"Group 12","ix":12,"cix":2,"np":2,"it":[{"ty":"sh","bm":0,"hd":false,"mn":"ADBE Vector Shape - Group","nm":"Path 1","ix":1,"d":1,"ks":{"a":0,"k":{"c":true,"i":[[-1.392,1.949],[-10.022,17.261],[0.494,-7.595],[12.527,3.063],[0,0],[0,0],[0,0]],"o":[[0,0],[0,0],[-0.783,12.043],[0,0],[0,0],[0,0],[0,0]],"v":[[-56.9,-18.792],[-9.852,-23.803],[58.076,9.288],[-11.8,20.74],[-22.657,9.883],[-27.39,22.411],[-58.57,22.411]]},"ix":2}},{"ty":"fl","bm":0,"hd":false,"mn":"ADBE Vector Graphic - Fill","nm":"Fill 1","c":{"a":0,"k":[0,0.6039,0.7451],"ix":4},"r":1,"o":{"a":0,"k":100,"ix":5}},{"ty":"tr","a":{"a":0,"k":[0,0],"ix":1},"s":{"a":0,"k":[100,100],"ix":3},"sk":{"a":0,"k":0,"ix":4},"p":{"a":0,"k":[802.146,1159.086],"ix":2},"r":{"a":0,"k":0,"ix":6},"sa":{"a":0,"k":0,"ix":5},"o":{"a":0,"k":100,"ix":7}}]},{"ty":"gr","bm":0,"hd":false,"mn":"ADBE Vector Group","nm":"Group 13","ix":13,"cix":2,"np":2,"it":[{"ty":"sh","bm":0,"hd":false,"mn":"ADBE Vector Shape - Group","nm":"Path 1","ix":1,"d":1,"ks":{"a":0,"k":{"c":true,"i":[[0,0],[1.392,23.942],[0,0],[0,0],[0,0],[0,0]],"o":[[0,0],[0,0],[0,0],[0,0],[0,0],[0,0]],"v":[[23.524,1.531],[11.275,-26.308],[-20.462,-26.308],[-23.524,6.542],[0.139,26.308],[20.74,16.008]]},"ix":2}},{"ty":"fl","bm":0,"hd":false,"mn":"ADBE Vector Graphic - Fill","nm":"Fill 1","c":{"a":0,"k":[0.9216,0.6902,0.5098],"ix":4},"r":1,"o":{"a":0,"k":100,"ix":5}},{"ty":"tr","a":{"a":0,"k":[0,0],"ix":1},"s":{"a":0,"k":[100,100],"ix":3},"sk":{"a":0,"k":0,"ix":4},"p":{"a":0,"k":[768.77,1133.752],"ix":2},"r":{"a":0,"k":0,"ix":6},"sa":{"a":0,"k":0,"ix":5},"o":{"a":0,"k":100,"ix":7}}]}],"ind":2},{"ty":4,"nm":"Untitled-4 Outlines","sr":1,"st":0,"op":180,"ip":0,"hd":false,"ddd":0,"bm":0,"hasMask":false,"ao":0,"ks":{"a":{"a":0,"k":[750,750,0],"ix":1},"s":{"a":0,"k":[33.733,33.733,100],"ix":6},"sk":{"a":0,"k":0},"p":{"a":1,"k":[{"o":{"x":0.167,"y":0.167},"i":{"x":0.833,"y":0.833},"s":[256,261,0],"t":82,"ti":[0,9.167,0],"to":[0,-9.167,0]},{"s":[256,206,0],"t":90}],"ix":2},"r":{"a":0,"k":0,"ix":10},"sa":{"a":0,"k":0},"o":{"a":0,"k":100,"ix":11}},"ef":[],"shapes":[{"ty":"gr","bm":0,"hd":false,"mn":"ADBE Vector Group","nm":"Group 1","ix":1,"cix":2,"np":2,"it":[{"ty":"sh","bm":0,"hd":false,"mn":"ADBE Vector Shape - Group","nm":"Path 1","ix":1,"d":1,"ks":{"a":0,"k":{"c":true,"i":[[2.429,0.885],[0,0],[0,-2.418],[-2.429,-0.885],[0,0],[0,2.418]],"o":[[0,0],[-2.429,-0.885],[0,2.419],[0,0],[2.429,0.885],[0,-2.419]],"v":[[59.605,17.33],[-59.605,-26.126],[-64.02,-23.338],[-59.605,-17.331],[59.605,26.125],[64.02,23.337]]},"ix":2}},{"ty":"fl","bm":0,"hd":false,"mn":"ADBE Vector Graphic - Fill","nm":"Fill 1","c":{"a":0,"k":[1,1,1],"ix":4},"r":1,"o":{"a":0,"k":100,"ix":5}},{"ty":"tr","a":{"a":0,"k":[0,0],"ix":1},"s":{"a":0,"k":[100,100],"ix":3},"sk":{"a":0,"k":0,"ix":4},"p":{"a":0,"k":[960.179,742.078],"ix":2},"r":{"a":0,"k":0,"ix":6},"sa":{"a":0,"k":0,"ix":5},"o":{"a":0,"k":100,"ix":7}}]},{"ty":"gr","bm":0,"hd":false,"mn":"ADBE Vector Group","nm":"Group 2","ix":2,"cix":2,"np":2,"it":[{"ty":"sh","bm":0,"hd":false,"mn":"ADBE Vector Shape - Group","nm":"Path 1","ix":1,"d":1,"ks":{"a":0,"k":{"c":true,"i":[[2.428,0.886],[0,0],[0,-2.419],[-2.429,-0.886],[0,0],[0,2.419]],"o":[[0,0],[-2.429,-0.885],[0,2.418],[0,0],[2.428,0.886],[0,-2.418]],"v":[[36.001,8.725],[-36.001,-17.521],[-40.416,-14.733],[-36.001,-8.726],[36.001,17.52],[40.416,14.732]]},"ix":2}},{"ty":"fl","bm":0,"hd":false,"mn":"ADBE Vector Graphic - Fill","nm":"Fill 1","c":{"a":0,"k":[1,1,1],"ix":4},"r":1,"o":{"a":0,"k":100,"ix":5}},{"ty":"tr","a":{"a":0,"k":[0,0],"ix":1},"s":{"a":0,"k":[100,100],"ix":3},"sk":{"a":0,"k":0,"ix":4},"p":{"a":0,"k":[961.605,766.527],"ix":2},"r":{"a":0,"k":0,"ix":6},"sa":{"a":0,"k":0,"ix":5},"o":{"a":0,"k":100,"ix":7}}]},{"ty":"gr","bm":0,"hd":false,"mn":"ADBE Vector Group","nm":"Group 3","ix":3,"cix":2,"np":2,"it":[{"ty":"sh","bm":0,"hd":false,"mn":"ADBE Vector Shape - Group","nm":"Path 1","ix":1,"d":1,"ks":{"a":0,"k":{"c":true,"i":[[2.428,0.886],[0,0],[0,-2.418],[-2.429,-0.885],[0,0],[0,2.418]],"o":[[0,0],[-2.429,-0.886],[0,2.418],[0,0],[2.428,0.885],[0,-2.419]],"v":[[36.001,8.725],[-36.001,-17.521],[-40.416,-14.732],[-36.001,-8.726],[36.001,17.521],[40.416,14.734]]},"ix":2}},{"ty":"fl","bm":0,"hd":false,"mn":"ADBE Vector Graphic - Fill","nm":"Fill 1","c":{"a":0,"k":[1,1,1],"ix":4},"r":1,"o":{"a":0,"k":100,"ix":5}},{"ty":"tr","a":{"a":0,"k":[0,0],"ix":1},"s":{"a":0,"k":[100,100],"ix":3},"sk":{"a":0,"k":0,"ix":4},"p":{"a":0,"k":[961.605,717.565],"ix":2},"r":{"a":0,"k":0,"ix":6},"sa":{"a":0,"k":0,"ix":5},"o":{"a":0,"k":100,"ix":7}}]},{"ty":"gr","bm":0,"hd":false,"mn":"ADBE Vector Group","nm":"Group 4","ix":4,"cix":2,"np":2,"it":[{"ty":"sh","bm":0,"hd":false,"mn":"ADBE Vector Shape - Group","nm":"Path 1","ix":1,"d":1,"ks":{"a":0,"k":{"c":true,"i":[[2.428,0.885],[0,0],[0,-2.419],[-2.429,-0.885],[0,0],[0,2.418]],"o":[[0,0],[-2.429,-0.884],[0,2.419],[0,0],[2.429,0.885],[0,-2.42]],"v":[[59.606,17.329],[-59.605,-26.127],[-64.02,-23.338],[-59.605,-17.331],[59.605,26.125],[64.021,23.338]]},"ix":2}},{"ty":"fl","bm":0,"hd":false,"mn":"ADBE Vector Graphic - Fill","nm":"Fill 1","c":{"a":0,"k":[1,1,1],"ix":4},"r":1,"o":{"a":0,"k":100,"ix":5}},{"ty":"tr","a":{"a":0,"k":[0,0],"ix":1},"s":{"a":0,"k":[100,100],"ix":3},"sk":{"a":0,"k":0,"ix":4},"p":{"a":0,"k":[960.179,587.182],"ix":2},"r":{"a":0,"k":0,"ix":6},"sa":{"a":0,"k":0,"ix":5},"o":{"a":0,"k":100,"ix":7}}]},{"ty":"gr","bm":0,"hd":false,"mn":"ADBE Vector Group","nm":"Group 16","ix":5,"cix":2,"np":2,"it":[{"ty":"sh","bm":0,"hd":false,"mn":"ADBE Vector Shape - Group","nm":"Path 1","ix":1,"d":1,"ks":{"a":0,"k":{"c":true,"i":[[2.429,0.885],[0,0],[0,-2.418],[-2.429,-0.885],[0,0],[0,2.419]],"o":[[0,0],[-2.429,-0.886],[0,2.418],[0,0],[2.429,0.885],[0,-2.419]],"v":[[36.001,8.725],[-36.001,-17.521],[-40.416,-14.732],[-36.001,-8.726],[36.001,17.521],[40.416,14.732]]},"ix":2}},{"ty":"fl","bm":0,"hd":false,"mn":"ADBE Vector Graphic - Fill","nm":"Fill 1","c":{"a":0,"k":[1,1,1],"ix":4},"r":1,"o":{"a":0,"k":100,"ix":5}},{"ty":"tr","a":{"a":0,"k":[0,0],"ix":1},"s":{"a":0,"k":[100,100],"ix":3},"sk":{"a":0,"k":0,"ix":4},"p":{"a":0,"k":[961.605,610.1],"ix":2},"r":{"a":0,"k":0,"ix":6},"sa":{"a":0,"k":0,"ix":5},"o":{"a":0,"k":100,"ix":7}}]},{"ty":"gr","bm":0,"hd":false,"mn":"ADBE Vector Group","nm":"Group 5","ix":6,"cix":2,"np":2,"it":[{"ty":"sh","bm":0,"hd":false,"mn":"ADBE Vector Shape - Group","nm":"Path 1","ix":1,"d":1,"ks":{"a":0,"k":{"c":true,"i":[[2.429,0.885],[0,0],[0,-2.418],[-2.429,-0.885],[0,0],[0,2.419]],"o":[[0,0],[-2.429,-0.886],[0,2.418],[0,0],[2.429,0.885],[0,-2.419]],"v":[[36.001,8.725],[-36.001,-17.521],[-40.416,-14.732],[-36.001,-8.726],[36.001,17.521],[40.416,14.732]]},"ix":2}},{"ty":"fl","bm":0,"hd":false,"mn":"ADBE Vector Graphic - Fill","nm":"Fill 1","c":{"a":0,"k":[1,1,1],"ix":4},"r":1,"o":{"a":0,"k":100,"ix":5}},{"ty":"tr","a":{"a":0,"k":[0,0],"ix":1},"s":{"a":0,"k":[100,100],"ix":3},"sk":{"a":0,"k":0,"ix":4},"p":{"a":0,"k":[961.605,562.67],"ix":2},"r":{"a":0,"k":0,"ix":6},"sa":{"a":0,"k":0,"ix":5},"o":{"a":0,"k":100,"ix":7}}]},{"ty":"gr","bm":0,"hd":false,"mn":"ADBE Vector Group","nm":"Group 6","ix":7,"cix":2,"np":2,"it":[{"ty":"sh","bm":0,"hd":false,"mn":"ADBE Vector Shape - Group","nm":"Path 1","ix":1,"d":1,"ks":{"a":0,"k":{"c":true,"i":[[2.429,0.886],[0,0],[0,-2.418],[-2.428,-0.885],[0,0],[0,2.419]],"o":[[0,0],[-2.428,-0.885],[0,2.419],[0,0],[2.429,0.886],[0,-2.418]],"v":[[59.606,17.329],[-59.605,-26.125],[-64.02,-23.338],[-59.605,-17.33],[59.606,26.125],[64.021,23.337]]},"ix":2}},{"ty":"fl","bm":0,"hd":false,"mn":"ADBE Vector Graphic - Fill","nm":"Fill 1","c":{"a":0,"k":[1,1,1],"ix":4},"r":1,"o":{"a":0,"k":100,"ix":5}},{"ty":"tr","a":{"a":0,"k":[0,0],"ix":1},"s":{"a":0,"k":[100,100],"ix":3},"sk":{"a":0,"k":0,"ix":4},"p":{"a":0,"k":[960.179,410.031],"ix":2},"r":{"a":0,"k":0,"ix":6},"sa":{"a":0,"k":0,"ix":5},"o":{"a":0,"k":100,"ix":7}}]},{"ty":"gr","bm":0,"hd":false,"mn":"ADBE Vector Group","nm":"Group 7","ix":8,"cix":2,"np":2,"it":[{"ty":"sh","bm":0,"hd":false,"mn":"ADBE Vector Shape - Group","nm":"Path 1","ix":1,"d":1,"ks":{"a":0,"k":{"c":true,"i":[[2.429,0.885],[0,0],[0,-2.419],[-2.429,-0.884],[0,0],[0,2.419]],"o":[[0,0],[-2.429,-0.885],[0,2.418],[0,0],[2.429,0.885],[0,-2.419]],"v":[[36.001,8.726],[-36,-17.521],[-40.417,-14.732],[-36,-8.726],[36.001,17.521],[40.417,14.733]]},"ix":2}},{"ty":"fl","bm":0,"hd":false,"mn":"ADBE Vector Graphic - Fill","nm":"Fill 1","c":{"a":0,"k":[1,1,1],"ix":4},"r":1,"o":{"a":0,"k":100,"ix":5}},{"ty":"tr","a":{"a":0,"k":[0,0],"ix":1},"s":{"a":0,"k":[100,100],"ix":3},"sk":{"a":0,"k":0,"ix":4},"p":{"a":0,"k":[961.606,434.925],"ix":2},"r":{"a":0,"k":0,"ix":6},"sa":{"a":0,"k":0,"ix":5},"o":{"a":0,"k":100,"ix":7}}]},{"ty":"gr","bm":0,"hd":false,"mn":"ADBE Vector Group","nm":"Group 8","ix":9,"cix":2,"np":2,"it":[{"ty":"sh","bm":0,"hd":false,"mn":"ADBE Vector Shape - Group","nm":"Path 1","ix":1,"d":1,"ks":{"a":0,"k":{"c":true,"i":[[2.429,0.886],[0,0],[0,-2.419],[-2.429,-0.885],[0,0],[0,2.419]],"o":[[0,0],[-2.429,-0.885],[0,2.418],[0,0],[2.429,0.886],[0,-2.418]],"v":[[36.001,8.725],[-36,-17.521],[-40.417,-14.733],[-36,-8.726],[36.001,17.52],[40.417,14.732]]},"ix":2}},{"ty":"fl","bm":0,"hd":false,"mn":"ADBE Vector Graphic - Fill","nm":"Fill 1","c":{"a":0,"k":[1,1,1],"ix":4},"r":1,"o":{"a":0,"k":100,"ix":5}},{"ty":"tr","a":{"a":0,"k":[0,0],"ix":1},"s":{"a":0,"k":[100,100],"ix":3},"sk":{"a":0,"k":0,"ix":4},"p":{"a":0,"k":[961.606,385.519],"ix":2},"r":{"a":0,"k":0,"ix":6},"sa":{"a":0,"k":0,"ix":5},"o":{"a":0,"k":100,"ix":7}}]},{"ty":"gr","bm":0,"hd":false,"mn":"ADBE Vector Group","nm":"Group 9","ix":10,"cix":2,"np":2,"it":[{"ty":"sh","bm":0,"hd":false,"mn":"ADBE Vector Shape - Group","nm":"Path 1","ix":1,"d":1,"ks":{"a":0,"k":{"c":true,"i":[[11.181,4.076],[0,0],[0,-11.136],[0,0],[-11.179,-4.076],[0,0],[0,11.137],[0,0]],"o":[[0,0],[-11.179,-4.075],[0,0],[0,11.136],[0,0],[11.181,4.075],[0,0],[0,-11.135]],"v":[[104.215,-29.154],[-104.214,-105.132],[-124.458,-92.348],[-124.458,1.611],[-104.214,29.154],[104.215,105.132],[124.458,92.348],[124.458,-1.612]]},"ix":2}},{"ty":"fl","bm":0,"hd":false,"mn":"ADBE Vector Graphic - Fill","nm":"Fill 1","c":{"a":0,"k":[0,0.4941,0.7059],"ix":4},"r":1,"o":{"a":0,"k":100,"ix":5}},{"ty":"tr","a":{"a":0,"k":[0,0],"ix":1},"s":{"a":0,"k":[100,100],"ix":3},"sk":{"a":0,"k":0,"ix":4},"p":{"a":0,"k":[960.178,739.866],"ix":2},"r":{"a":0,"k":0,"ix":6},"sa":{"a":0,"k":0,"ix":5},"o":{"a":0,"k":100,"ix":7}}]},{"ty":"gr","bm":0,"hd":false,"mn":"ADBE Vector Group","nm":"Group 10","ix":11,"cix":2,"np":2,"it":[{"ty":"sh","bm":0,"hd":false,"mn":"ADBE Vector Shape - Group","nm":"Path 1","ix":1,"d":1,"ks":{"a":0,"k":{"c":true,"i":[[11.181,4.075],[0,0],[0,-11.136],[0,0],[-11.179,-4.075],[0,0],[0,11.136],[0,0]],"o":[[0,0],[-11.179,-4.075],[0,0],[0,11.136],[0,0],[11.181,4.076],[0,0],[0,-11.135]],"v":[[104.214,-29.155],[-104.215,-105.132],[-124.458,-92.349],[-124.458,1.61],[-104.215,29.154],[104.214,105.131],[124.458,92.347],[124.458,-1.612]]},"ix":2}},{"ty":"fl","bm":0,"hd":false,"mn":"ADBE Vector Graphic - Fill","nm":"Fill 1","c":{"a":0,"k":[0,0.4941,0.7059],"ix":4},"r":1,"o":{"a":0,"k":100,"ix":5}},{"ty":"tr","a":{"a":0,"k":[0,0],"ix":1},"s":{"a":0,"k":[100,100],"ix":3},"sk":{"a":0,"k":0,"ix":4},"p":{"a":0,"k":[960.179,572.892],"ix":2},"r":{"a":0,"k":0,"ix":6},"sa":{"a":0,"k":0,"ix":5},"o":{"a":0,"k":100,"ix":7}}]},{"ty":"gr","bm":0,"hd":false,"mn":"ADBE Vector Group","nm":"Group 13","ix":12,"cix":2,"np":2,"it":[{"ty":"sh","bm":0,"hd":false,"mn":"ADBE Vector Shape - Group","nm":"Path 1","ix":1,"d":1,"ks":{"a":0,"k":{"c":true,"i":[[2.429,0.885],[0,0],[0,-2.418],[-2.429,-0.885],[0,0],[0,2.418]],"o":[[0,0],[-2.429,-0.885],[0,2.419],[0,0],[2.429,0.885],[0,-2.419]],"v":[[59.605,17.33],[-59.605,-26.126],[-64.02,-23.338],[-59.605,-17.331],[59.605,26.125],[64.02,23.337]]},"ix":2}},{"ty":"fl","bm":0,"hd":false,"mn":"ADBE Vector Graphic - Fill","nm":"Fill 1","c":{"a":0,"k":[1,1,1],"ix":4},"r":1,"o":{"a":1,"k":[{"o":{"x":0.167,"y":0.167},"i":{"x":0.833,"y":0.833},"s":[0],"t":77},{"o":{"x":0.167,"y":0.167},"i":{"x":0.833,"y":0.833},"s":[0],"t":84},{"s":[100],"t":85}],"ix":5}},{"ty":"tr","a":{"a":0,"k":[0,0],"ix":1},"s":{"a":0,"k":[100,100],"ix":3},"sk":{"a":0,"k":0,"ix":4},"p":{"a":0,"k":[942.392,894.746],"ix":2},"r":{"a":0,"k":0,"ix":6},"sa":{"a":0,"k":0,"ix":5},"o":{"a":0,"k":100,"ix":7}}]},{"ty":"gr","bm":0,"hd":false,"mn":"ADBE Vector Group","nm":"Group 14","ix":13,"cix":2,"np":2,"it":[{"ty":"sh","bm":0,"hd":false,"mn":"ADBE Vector Shape - Group","nm":"Path 1","ix":1,"d":1,"ks":{"a":0,"k":{"c":true,"i":[[2.428,0.886],[0,0],[0,-2.419],[-2.429,-0.886],[0,0],[0,2.419]],"o":[[0,0],[-2.429,-0.885],[0,2.418],[0,0],[2.428,0.886],[0,-2.418]],"v":[[36.001,8.725],[-36.001,-17.521],[-40.416,-14.733],[-36.001,-8.726],[36.001,17.52],[40.416,14.732]]},"ix":2}},{"ty":"fl","bm":0,"hd":false,"mn":"ADBE Vector Graphic - Fill","nm":"Fill 1","c":{"a":0,"k":[1,1,1],"ix":4},"r":1,"o":{"a":1,"k":[{"o":{"x":0.167,"y":0.167},"i":{"x":0.833,"y":0.833},"s":[0],"t":84},{"s":[100],"t":85}],"ix":5}},{"ty":"tr","a":{"a":0,"k":[0,0],"ix":1},"s":{"a":0,"k":[100,100],"ix":3},"sk":{"a":0,"k":0,"ix":4},"p":{"a":0,"k":[949.748,921.418],"ix":2},"r":{"a":0,"k":0,"ix":6},"sa":{"a":0,"k":0,"ix":5},"o":{"a":0,"k":100,"ix":7}}]},{"ty":"gr","bm":0,"hd":false,"mn":"ADBE Vector Group","nm":"Group 15","ix":14,"cix":2,"np":2,"it":[{"ty":"sh","bm":0,"hd":false,"mn":"ADBE Vector Shape - Group","nm":"Path 1","ix":1,"d":1,"ks":{"a":0,"k":{"c":true,"i":[[2.428,0.886],[0,0],[0,-2.418],[-2.429,-0.885],[0,0],[0,2.418]],"o":[[0,0],[-2.429,-0.886],[0,2.418],[0,0],[2.428,0.885],[0,-2.419]],"v":[[36.001,8.725],[-36.001,-17.521],[-40.416,-14.732],[-36.001,-8.726],[36.001,17.521],[40.416,14.734]]},"ix":2}},{"ty":"fl","bm":0,"hd":false,"mn":"ADBE Vector Graphic - Fill","nm":"Fill 1","c":{"a":0,"k":[1,1,1],"ix":4},"r":1,"o":{"a":1,"k":[{"o":{"x":0.167,"y":0.167},"i":{"x":0.833,"y":0.833},"s":[0],"t":83},{"s":[100],"t":85}],"ix":5}},{"ty":"tr","a":{"a":0,"k":[0,0],"ix":1},"s":{"a":0,"k":[100,100],"ix":3},"sk":{"a":0,"k":0,"ix":4},"p":{"a":0,"k":[947.524,870.974],"ix":2},"r":{"a":0,"k":0,"ix":6},"sa":{"a":0,"k":0,"ix":5},"o":{"a":0,"k":100,"ix":7}}]},{"ty":"gr","bm":0,"hd":false,"mn":"ADBE Vector Group","nm":"Group 12","ix":15,"cix":2,"np":2,"it":[{"ty":"fl","bm":0,"hd":false,"mn":"ADBE Vector Graphic - Fill","nm":"Fill 1","c":{"a":0,"k":[0,0.4941,0.7059],"ix":4},"r":1,"o":{"a":0,"k":100,"ix":5}},{"ty":"gr","bm":0,"hd":false,"mn":"ADBE Vector Group","nm":"Group 11","ix":2,"cix":2,"np":2,"it":[{"ty":"sh","bm":0,"hd":false,"mn":"ADBE Vector Shape - Group","nm":"Path 1","ix":1,"d":1,"ks":{"a":1,"k":[{"o":{"x":0.167,"y":0.167},"i":{"x":0.833,"y":0.833},"s":[{"c":true,"i":[[11.181,4.076],[0,0],[0,0],[9.066,-3.406],[0,0],[0,0],[-10.722,-3.656],[-8.585,-3.129],[0,0],[-5.289,-0.973],[0,0]],"o":[[0,0],[0,0],[-11.18,-4.075],[0,0],[0,0],[10.616,3.718],[35.483,12.1],[0,0],[11.181,4.076],[0,0],[-19.37,-10.769]],"v":[[9.352,-52.499],[-78.919,-83.78],[-109.402,-99.945],[-117.788,-102.724],[-86.291,-87.668],[-55.535,-74.722],[-23.231,-63.573],[53.641,-37.546],[92.356,-23.08],[116.306,-14.742],[95.555,-20.88]]}],"t":0},{"o":{"x":0.167,"y":0.167},"i":{"x":0.833,"y":0.833},"s":[{"c":true,"i":[[11.181,4.076],[0,0],[0,0],[9.066,-3.406],[0,0],[0,0],[-10.722,-3.656],[-8.585,-3.129],[0,0],[-5.289,-0.973],[0,0]],"o":[[0,0],[0,0],[-11.18,-4.075],[0,0],[0,0],[10.616,3.718],[35.483,12.1],[0,0],[11.181,4.076],[0,0],[-19.37,-10.769]],"v":[[9.352,-52.499],[-78.919,-83.78],[-109.402,-99.945],[-117.788,-102.724],[-86.291,-87.668],[-55.535,-74.722],[-23.231,-63.573],[53.641,-37.546],[92.356,-23.08],[116.306,-14.742],[95.555,-20.88]]}],"t":76},{"o":{"x":0.167,"y":0.167},"i":{"x":0.833,"y":0.833},"s":[{"c":true,"i":[[11.181,4.076],[0,0],[0,0],[9.066,-3.406],[0,0],[0,0],[-13.459,-4.567],[-7.867,-2.868],[0,0],[0,11.136],[0,0]],"o":[[0,0],[0,0],[-11.18,-4.075],[0,0],[0,0],[13.556,4.748],[31.965,10.847],[0,0],[11.181,4.076],[0,0],[-19.37,-10.769]],"v":[[10.835,-63.616],[-74.102,-94.156],[-104.214,-105.132],[-117.788,-102.724],[-86.291,-87.668],[-55.535,-74.722],[-14.393,-60.567],[53.641,-37.546],[92.356,-23.08],[115.935,-21.412],[115.194,-22.733]]}],"t":77},{"o":{"x":0.167,"y":0.167},"i":{"x":0.833,"y":0.833},"s":[{"c":true,"i":[[11.181,4.076],[0,0],[0,0],[9.066,-3.406],[0,0],[0,0],[-13.459,-4.567],[-7.867,-2.868],[0,0],[0,11.136],[0,0]],"o":[[0,0],[0,0],[-11.18,-4.075],[0,0],[0,0],[13.556,4.748],[31.965,10.847],[0,0],[11.181,4.076],[0,0],[-19.37,-10.769]],"v":[[10.835,-63.616],[-74.102,-94.156],[-104.214,-105.132],[-117.788,-102.724],[-86.291,-87.668],[-55.535,-74.722],[-14.393,-60.567],[53.641,-37.546],[92.356,-23.08],[115.935,-21.412],[115.194,-22.733]]}],"t":82},{"o":{"x":0.167,"y":0.167},"i":{"x":0.833,"y":0.833},"s":[{"c":true,"i":[[11.181,4.076],[0,0],[0,0],[7.555,-4.695],[0,0],[0,0],[-11.451,-4.35],[-7.867,-2.868],[0,0],[0,11.136],[0,0]],"o":[[0,0],[0,0],[-11.18,-4.075],[0,0],[0,0],[11.297,4.506],[27.196,10.331],[0,0],[11.181,4.076],[0,0],[-16.142,-10.83]],"v":[[26.398,-57.872],[-77.155,-95.269],[-104.214,-105.132],[-117.417,-99.513],[-123.037,-80.987],[-67.022,-62],[-32.369,-48.543],[27.331,-26.429],[94.333,-1.711],[117.356,-2.452],[116.738,-19.213]]}],"t":83},{"o":{"x":0.167,"y":0.167},"i":{"x":0.833,"y":0.833},"s":[{"c":true,"i":[[11.181,4.076],[0,0],[0,0],[6.044,-5.983],[0,0],[0,0],[-9.443,-4.133],[-7.867,-2.868],[0,0],[0,11.136],[0,0]],"o":[[0,0],[0,0],[-11.18,-4.075],[0,0],[0,0],[9.038,4.265],[22.427,9.815],[0,0],[11.181,4.076],[0,0],[-12.914,-10.891]],"v":[[41.961,-52.129],[-80.208,-96.382],[-104.214,-105.132],[-118.826,-98.08],[-118.134,-65.413],[-78.509,-49.278],[-50.346,-36.518],[1.022,-15.313],[96.309,19.657],[118.776,16.508],[118.282,-15.692]]}],"t":84},{"o":{"x":0.167,"y":0.167},"i":{"x":0.833,"y":0.833},"s":[{"c":true,"i":[[11.181,4.076],[0,0],[0,0],[4.533,-7.271],[0,0],[0,0],[-7.435,-3.915],[-7.867,-2.868],[0,0],[0,11.136],[0,0]],"o":[[0,0],[0,0],[-11.18,-4.075],[0,0],[0,0],[6.778,4.024],[17.658,9.299],[0,0],[11.181,4.076],[0,0],[-9.685,-10.953]],"v":[[57.524,-46.385],[-83.261,-97.494],[-104.214,-105.132],[-120.234,-96.647],[-120.827,-47.06],[-89.996,-36.555],[-68.322,-24.494],[-25.287,-4.196],[98.285,41.026],[120.197,35.468],[119.826,-12.172]]}],"t":85},{"o":{"x":0.167,"y":0.167},"i":{"x":0.833,"y":0.833},"s":[{"c":true,"i":[[11.181,4.076],[0,0],[0,0],[3.022,-8.559],[0,0],[0,0],[-7.259,-2.874],[-7.867,-2.868],[0,0],[0,11.136],[0,0]],"o":[[0,0],[0,0],[-11.18,-4.075],[0,0],[0,0],[4.519,3.782],[17.238,6.825],[0,0],[11.181,4.076],[0,0],[-6.457,-11.014]],"v":[[73.088,-40.642],[-86.314,-98.607],[-104.214,-105.132],[-121.642,-95.214],[-122.037,-50.94],[-116.306,-17.163],[-97.988,-7.209],[-51.596,6.92],[100.261,62.394],[121.617,54.428],[121.37,-8.652]]}],"t":86},{"s":[{"c":true,"i":[[11.181,4.076],[0,0],[0,0],[0,-11.136],[0,0],[0,0],[-1.411,-3.264],[-7.867,-2.868],[0,0],[0,11.136],[0,0]],"o":[[0,0],[0,0],[-11.18,-4.075],[0,0],[0,0],[0,3.3],[3.351,7.751],[0,0],[11.181,4.076],[0,0],[0,-11.136]],"v":[[104.214,-29.155],[-92.42,-100.833],[-104.214,-105.132],[-124.458,-92.348],[-124.458,-58.7],[-124.458,1.612],[-122.251,11.579],[-104.215,29.154],[104.214,105.132],[124.458,92.348],[124.458,-1.611]]}],"t":88}],"ix":2}},{"ty":"fl","bm":0,"hd":false,"mn":"ADBE Vector Graphic - Fill","nm":"Fill 1","c":{"a":0,"k":[0,0.4941,0.7059],"ix":4},"r":1,"o":{"a":0,"k":100,"ix":5}},{"ty":"tr","a":{"a":0,"k":[0,0],"ix":1},"s":{"a":0,"k":[100,100],"ix":3},"sk":{"a":0,"k":0,"ix":4},"p":{"a":0,"k":[960.179,407.685],"ix":2},"r":{"a":0,"k":0,"ix":6},"sa":{"a":0,"k":0,"ix":5},"o":{"a":0,"k":100,"ix":7}}]},{"ty":"tr","a":{"a":0,"k":[0,0],"ix":1},"s":{"a":0,"k":[100,100],"ix":3},"sk":{"a":0,"k":0,"ix":4},"p":{"a":0,"k":[-3.26,495.135],"ix":2},"r":{"a":0,"k":0,"ix":6},"sa":{"a":0,"k":0,"ix":5},"o":{"a":0,"k":100,"ix":7}}]},{"ty":"gr","bm":0,"hd":false,"mn":"ADBE Vector Group","nm":"Group 11","ix":16,"cix":2,"np":2,"it":[{"ty":"sh","bm":0,"hd":false,"mn":"ADBE Vector Shape - Group","nm":"Path 1","ix":1,"d":1,"ks":{"a":1,"k":[{"o":{"x":0.167,"y":0.167},"i":{"x":0.833,"y":0.833},"s":[{"c":true,"i":[[11.181,4.076],[0,0],[0,0],[0,-11.136],[0,0],[-11.179,-4.075],[0,0],[0,11.136],[0,0]],"o":[[0,0],[0,0],[-11.18,-4.075],[0,0],[0,11.136],[0,0],[11.181,4.076],[0,0],[0,-11.136]],"v":[[104.214,-29.155],[-70.138,-92.711],[-104.214,-105.132],[-124.458,-92.348],[-124.458,1.612],[-104.215,29.154],[104.214,105.132],[124.458,92.348],[124.458,-1.611]]}],"t":78},{"o":{"x":0.167,"y":0.167},"i":{"x":0.833,"y":0.833},"s":[{"c":true,"i":[[11.181,4.076],[0,0],[0,0],[0,-11.136],[0,0],[-11.179,-4.075],[0,0],[0,11.136],[0,0]],"o":[[0,0],[0,0],[-11.18,-4.075],[0,0],[0,11.136],[0,0],[11.181,4.076],[0,0],[0,-11.136]],"v":[[104.214,-29.155],[-70.138,-92.711],[-104.214,-105.132],[-124.458,-92.348],[-124.458,1.612],[-104.215,29.154],[104.214,105.132],[124.458,92.348],[124.458,-1.611]]}],"t":87},{"s":[{"c":true,"i":[[11.181,4.076],[0,0],[0,0],[0,-11.136],[0,0],[-11.179,-4.075],[0,0],[0,11.136],[0,0]],"o":[[0,0],[0,0],[-11.18,-4.075],[0,0],[0,11.136],[0,0],[11.181,4.076],[0,0],[0,-11.136]],"v":[[111.625,-466.407],[-21.133,-447.313],[-49.372,-456.417],[-74.063,-489.582],[-85.92,-588.31],[-13.8,-597.823],[55.301,-517.398],[28.114,-678.404],[158.549,-557.442]]}],"t":88}],"ix":2}},{"ty":"fl","bm":0,"hd":false,"mn":"ADBE Vector Graphic - Fill","nm":"Fill 1","c":{"a":0,"k":[0,0.4941,0.7059],"ix":4},"r":1,"o":{"a":0,"k":100,"ix":5}},{"ty":"tr","a":{"a":0,"k":[0,0],"ix":1},"s":{"a":0,"k":[100,100],"ix":3},"sk":{"a":0,"k":0,"ix":4},"p":{"a":0,"k":[960.179,407.685],"ix":2},"r":{"a":0,"k":0,"ix":6},"sa":{"a":0,"k":0,"ix":5},"o":{"a":0,"k":100,"ix":7}}]}],"ind":3},{"ty":4,"nm":"Untitled-1 Outlines","sr":1,"st":0,"op":180,"ip":0,"hd":false,"ddd":0,"bm":0,"hasMask":false,"ao":0,"ks":{"a":{"a":0,"k":[750,750,0],"ix":1},"s":{"a":0,"k":[34.267,34.267,100],"ix":6},"sk":{"a":0,"k":0},"p":{"a":0,"k":[256,256,0],"ix":2},"r":{"a":0,"k":0,"ix":10},"sa":{"a":0,"k":0},"o":{"a":0,"k":100,"ix":11}},"ef":[],"shapes":[{"ty":"gr","bm":0,"hd":false,"mn":"ADBE Vector Group","nm":"Group 1","ix":1,"cix":2,"np":4,"it":[{"ty":"sh","bm":0,"hd":false,"mn":"ADBE Vector Shape - Group","nm":"Path 1","ix":1,"d":1,"ks":{"a":0,"k":{"c":true,"i":[[0.394,13.187],[79.615,14.846],[-0.392,-13.186],[-79.616,-14.847]],"o":[[-0.393,-13.188],[-79.614,-14.846],[0.394,13.187],[79.615,14.846]],"v":[[144.155,26.882],[-0.712,-23.876],[-144.157,-26.883],[0.711,23.878]]},"ix":2}},{"ty":"fl","bm":0,"hd":false,"mn":"ADBE Vector Graphic - Fill","nm":"Fill 1","c":{"a":0,"k":[0.8745,0.9412,0.9961],"ix":4},"r":1,"o":{"a":0,"k":20,"ix":5}},{"ty":"tr","a":{"a":0,"k":[0,0],"ix":1},"s":{"a":0,"k":[100,100],"ix":3},"sk":{"a":0,"k":0,"ix":4},"p":{"a":0,"k":[946.102,1031.265],"ix":2},"r":{"a":0,"k":0,"ix":6},"sa":{"a":0,"k":0,"ix":5},"o":{"a":0,"k":100,"ix":7}}]},{"ty":"gr","bm":0,"hd":false,"mn":"ADBE Vector Group","nm":"Group 2","ix":2,"cix":2,"np":4,"it":[{"ty":"sh","bm":0,"hd":false,"mn":"ADBE Vector Shape - Group","nm":"Path 1","ix":1,"d":1,"ks":{"a":0,"k":{"c":true,"i":[[0,0],[0,0],[0,0],[-8.637,-3.149],[0,0],[-3.408,6.662]],"o":[[0,0],[0,0],[3.409,9.147],[0,0],[8.636,3.148],[0,0]],"v":[[84.384,18.955],[-84.383,-42.563],[-76.88,-22.426],[-57.029,-2.161],[57.03,39.416],[76.88,33.625]]},"ix":2}},{"ty":"fl","bm":0,"hd":false,"mn":"ADBE Vector Graphic - Fill","nm":"Fill 1","c":{"a":0,"k":[0.2667,0.8275,1],"ix":4},"r":1,"o":{"a":0,"k":100,"ix":5}},{"ty":"tr","a":{"a":0,"k":[0,0],"ix":1},"s":{"a":0,"k":[100,100],"ix":3},"sk":{"a":0,"k":0,"ix":4},"p":{"a":0,"k":[960.179,273.01],"ix":2},"r":{"a":0,"k":0,"ix":6},"sa":{"a":0,"k":0,"ix":5},"o":{"a":0,"k":100,"ix":7}}]},{"ty":"gr","bm":0,"hd":false,"mn":"ADBE Vector Group","nm":"Group 3","ix":3,"cix":2,"np":4,"it":[{"ty":"sh","bm":0,"hd":false,"mn":"ADBE Vector Shape - Group","nm":"Path 1","ix":1,"d":1,"ks":{"a":0,"k":{"c":true,"i":[[19.164,6.986],[0,0],[5.723,-9.232],[-8.706,-3.174],[0,0],[0,-19.088],[0,0],[2.361,-3.81],[0,10.417],[0,0]],"o":[[0,0],[-13.567,-4.945],[6.105,-3.062],[0,0],[19.165,6.987],[0,0],[0,5.575],[7.333,-3.679],[0,0],[0,-19.088]],"v":[[111.566,-251.815],[-115.288,-334.51],[-146.323,-326.704],[-123.564,-326.923],[103.291,-244.229],[138.048,-196.942],[138.047,325.311],[134.325,339.454],[146.323,317.725],[146.323,-204.526]]},"ix":2}},{"ty":"fl","bm":0,"hd":false,"mn":"ADBE Vector Graphic - Fill","nm":"Fill 1","c":{"a":0,"k":[0.2667,0.8275,1],"ix":4},"r":1,"o":{"a":0,"k":100,"ix":5}},{"ty":"tr","a":{"a":0,"k":[0,0],"ix":1},"s":{"a":0,"k":[100,100],"ix":3},"sk":{"a":0,"k":0,"ix":4},"p":{"a":0,"k":[962.04,558.566],"ix":2},"r":{"a":0,"k":0,"ix":6},"sa":{"a":0,"k":0,"ix":5},"o":{"a":0,"k":100,"ix":7}}]},{"ty":"gr","bm":0,"hd":false,"mn":"ADBE Vector Group","nm":"Group 4","ix":4,"cix":2,"np":4,"it":[{"ty":"sh","bm":0,"hd":false,"mn":"ADBE Vector Shape - Group","nm":"Path 1","ix":1,"d":1,"ks":{"a":0,"k":{"c":true,"i":[[0,0],[0,19.088],[0,0],[-19.165,-6.987],[0,0],[0,-19.088],[0,0],[19.166,6.987]],"o":[[-19.165,-6.986],[0,0],[0,-19.088],[0,0],[19.165,6.986],[0,0],[0,19.088],[0,0]],"v":[[-113.427,254.396],[-148.185,207.109],[-148.184,-315.144],[-113.426,-337.091],[113.428,-254.396],[148.185,-207.109],[148.185,315.143],[113.427,337.09]]},"ix":2}},{"ty":"fl","bm":0,"hd":false,"mn":"ADBE Vector Graphic - Fill","nm":"Fill 1","c":{"a":0,"k":[0.5961,0.8,0.9922],"ix":4},"r":1,"o":{"a":0,"k":100,"ix":5}},{"ty":"tr","a":{"a":0,"k":[0,0],"ix":1},"s":{"a":0,"k":[100,100],"ix":3},"sk":{"a":0,"k":0,"ix":4},"p":{"a":0,"k":[960.178,561.147],"ix":2},"r":{"a":0,"k":0,"ix":6},"sa":{"a":0,"k":0,"ix":5},"o":{"a":0,"k":100,"ix":7}}]},{"ty":"gr","bm":0,"hd":false,"mn":"ADBE Vector Group","nm":"Group 5","ix":5,"cix":2,"np":4,"it":[{"ty":"sh","bm":0,"hd":false,"mn":"ADBE Vector Shape - Group","nm":"Path 1","ix":1,"d":1,"ks":{"a":0,"k":{"c":true,"i":[[0,0],[0,32.445],[0,0],[-32.576,-11.875],[0,0],[0,-32.445],[0,0],[32.574,11.874]],"o":[[-32.577,-11.875],[0,0],[0,-32.445],[0,0],[32.574,11.875],[0,0],[0,32.446],[0,0]],"v":[[-119.57,290.522],[-178.648,210.145],[-178.648,-340.39],[-119.57,-377.695],[119.573,-290.522],[178.648,-210.146],[178.648,340.389],[119.571,377.696]]},"ix":2}},{"ty":"fl","bm":0,"hd":false,"mn":"ADBE Vector Graphic - Fill","nm":"Fill 1","c":{"a":0,"k":[0,0.4941,0.7059],"ix":4},"r":1,"o":{"a":0,"k":100,"ix":5}},{"ty":"tr","a":{"a":0,"k":[0,0],"ix":1},"s":{"a":0,"k":[100,100],"ix":3},"sk":{"a":0,"k":0,"ix":4},"p":{"a":0,"k":[969.968,563.474],"ix":2},"r":{"a":0,"k":0,"ix":6},"sa":{"a":0,"k":0,"ix":5},"o":{"a":0,"k":100,"ix":7}}]},{"ty":"gr","bm":0,"hd":false,"mn":"ADBE Vector Group","nm":"Group 6","ix":6,"cix":2,"np":4,"it":[{"ty":"sh","bm":0,"hd":false,"mn":"ADBE Vector Shape - Group","nm":"Path 1","ix":1,"d":1,"ks":{"a":0,"k":{"c":true,"i":[[0,0],[0,30.778],[0,0],[-30.903,-11.265],[0,0],[0,-30.779],[0,0],[30.902,11.265]],"o":[[-30.903,-11.265],[0,0],[0,-30.779],[0,0],[30.902,11.264],[0,0],[0,30.778],[0,0]],"v":[[-113.427,275.598],[-169.471,199.35],[-169.47,-322.902],[-113.426,-358.292],[113.429,-275.596],[169.471,-199.349],[169.47,322.904],[113.428,358.293]]},"ix":2}},{"ty":"fl","bm":0,"hd":false,"mn":"ADBE Vector Graphic - Fill","nm":"Fill 1","c":{"a":0,"k":[0,0.4941,0.7059],"ix":4},"r":1,"o":{"a":0,"k":100,"ix":5}},{"ty":"tr","a":{"a":0,"k":[0,0],"ix":1},"s":{"a":0,"k":[100,100],"ix":3},"sk":{"a":0,"k":0,"ix":4},"p":{"a":0,"k":[960.178,561.148],"ix":2},"r":{"a":0,"k":0,"ix":6},"sa":{"a":0,"k":0,"ix":5},"o":{"a":0,"k":100,"ix":7}}]},{"ty":"gr","bm":0,"hd":false,"mn":"ADBE Vector Group","nm":"Group 7","ix":7,"cix":2,"np":4,"it":[{"ty":"sh","bm":0,"hd":false,"mn":"ADBE Vector Shape - Group","nm":"Path 1","ix":1,"d":1,"ks":{"a":0,"k":{"c":true,"i":[[-1.25,34.692],[180.183,40.191],[1.25,-34.693],[-180.184,-40.191]],"o":[[1.25,-34.693],[-180.183,-40.19],[-1.25,34.692],[180.183,40.19]],"v":[[326.252,72.772],[2.264,-62.818],[-326.25,-72.771],[-2.262,62.818]]},"ix":2}},{"ty":"fl","bm":0,"hd":false,"mn":"ADBE Vector Graphic - Fill","nm":"Fill 1","c":{"a":0,"k":[0.5961,0.8,0.9922],"ix":4},"r":1,"o":{"a":0,"k":20,"ix":5}},{"ty":"tr","a":{"a":0,"k":[0,0],"ix":1},"s":{"a":0,"k":[100,100],"ix":3},"sk":{"a":0,"k":0,"ix":4},"p":{"a":0,"k":[685.432,1149.879],"ix":2},"r":{"a":0,"k":0,"ix":6},"sa":{"a":0,"k":0,"ix":5},"o":{"a":0,"k":100,"ix":7}}]},{"ty":"gr","bm":0,"hd":false,"mn":"ADBE Vector Group","nm":"Group 8","ix":8,"cix":2,"np":4,"it":[{"ty":"sh","bm":0,"hd":false,"mn":"ADBE Vector Shape - Group","nm":"Path 1","ix":1,"d":1,"ks":{"a":0,"k":{"c":true,"i":[[0,0],[0,0],[0,0],[0,0]],"o":[[0,0],[0,0],[0,0],[0,0]],"v":[[-466.302,432.133],[-466.302,-432.133],[466.302,-432.133],[466.302,432.133]]},"ix":2}},{"ty":"gr","bm":0,"hd":false,"mn":"ADBE Vector Group","nm":"Group 1","ix":2,"cix":2,"np":4,"it":[{"ty":"sh","bm":0,"hd":false,"mn":"ADBE Vector Shape - Group","nm":"Path 1","ix":1,"d":1,"ks":{"a":0,"k":{"c":true,"i":[[0,0],[0,0],[0,0],[0,0]],"o":[[0,0],[0,0],[0,0],[0,0]],"v":[[-763.047,709.654],[736.953,709.654],[736.953,-790.346],[-763.047,-790.346]]},"ix":2}},{"ty":"sh","bm":0,"hd":false,"mn":"ADBE Vector Shape - Group","nm":"Path 2","ix":2,"d":1,"ks":{"a":0,"k":{"c":true,"i":[[0,0],[0,0],[0,0],[0,0]],"o":[[0,0],[0,0],[0,0],[0,0]],"v":[[-763.047,-790.346],[736.953,-790.346],[736.953,709.654],[-763.047,709.654]]},"ix":2}},{"ty":"sh","bm":0,"hd":false,"mn":"ADBE Vector Shape - Group","nm":"Path 3","ix":3,"d":1,"ks":{"a":0,"k":{"c":true,"i":[[0,0],[0,0],[0,0],[0,0]],"o":[[0,0],[0,0],[0,0],[0,0]],"v":[[-466.302,432.133],[466.303,432.133],[466.303,-432.136],[-466.302,-432.136]]},"ix":2}},{"ty":"sh","bm":0,"hd":false,"mn":"ADBE Vector Shape - Group","nm":"Path 4","ix":4,"d":1,"ks":{"a":0,"k":{"c":true,"i":[[-119.651,-82.482],[0,0],[0,153.961],[257.531,0],[0,-251.642]],"o":[[0,0],[119.651,-82.482],[0,-251.642],[-257.532,0],[0,153.961]],"v":[[-268.422,432.133],[268.423,432.133],[466.303,59.668],[0.001,-432.133],[-466.302,59.668]]},"ix":2}},{"ty":"tr","a":{"a":0,"k":[0,0],"ix":1},"s":{"a":0,"k":[100,100],"ix":3},"sk":{"a":0,"k":0,"ix":4},"p":{"a":0,"k":[0,0],"ix":2},"r":{"a":0,"k":0,"ix":6},"sa":{"a":0,"k":0,"ix":5},"o":{"a":0,"k":100,"ix":7}}]},{"ty":"mm","bm":0,"hd":false,"mn":"ADBE Vector Filter - Merge","nm":"Merge Paths 1","mm":4},{"ty":"gf","bm":0,"hd":false,"mn":"ADBE Vector Graphic - G-Fill","nm":"Gradient Fill 1","e":{"a":0,"k":[75.195,410.019],"ix":6},"g":{"p":3,"k":{"a":0,"k":[0,0.596078431372549,0.8,0.9921568627450981,0.5,0.8745098039215686,0.9411764705882353,0.996078431372549,1,1,1,1],"ix":9}},"t":1,"a":{"a":0,"k":0},"h":{"a":0,"k":0},"s":{"a":0,"k":[91.926,-261.187],"ix":5},"r":1,"o":{"a":0,"k":42,"ix":10}},{"ty":"tr","a":{"a":0,"k":[0,0],"ix":1},"s":{"a":0,"k":[100,100],"ix":3},"sk":{"a":0,"k":0,"ix":4},"p":{"a":0,"k":[763.047,790.346],"ix":2},"r":{"a":0,"k":0,"ix":6},"sa":{"a":0,"k":0,"ix":5},"o":{"a":0,"k":100,"ix":7}}]}],"ind":4}],"v":"5.5.7","fr":60,"op":180,"ip":0,"assets":[]}